{
    "loss": 2.0443313121795654,
    "accuracy": 0.8428914546966553
}